{
    "src/addons/XenMake/StyleProperty/addon.json": "4b6cf0e8826dc62a91a7a1fff64e09411a6120925fbe7cf88fc34ef8dd0eace6",
    "src/addons/XenMake/StyleProperty/Listener.php": "a4b747759fbe960326a0efb5ebe69936da74e1ae5d1d8e2b671bedbf451dcfa1",
    "src/addons/XenMake/StyleProperty/Repository/Node.php": "e510889b6aae79eb1c0f1f96bcdd3fb8f1a4a519ee5adee7dded065714274069",
    "src/addons/XenMake/StyleProperty/Setup.php": "310c485a5d9829cd7ed160dbd7fd4ead92bf61d309b8af596768c4942cc62754",
    "src/addons/XenMake/StyleProperty/XF/Admin/Controller/Category.php": "e0e3188839ce0d758523e77fcd53627ffe008fd343d225d7a4a0340f4841c5c1",
    "src/addons/XenMake/StyleProperty/XF/Admin/Controller/Forum.php": "759144634387e5c53c59e03466300df85b6bb4529027a5ecea13a8a3969e784e",
    "src/addons/XenMake/StyleProperty/XF/Admin/Controller/LinkForum.php": "2ac3320b6f65016e9d0e6edcd810b3d97d44b218506dfe212d03caa172ff30bf",
    "src/addons/XenMake/StyleProperty/XF/Admin/Controller/Page.php": "7993327ff0be9ab919625cbf918f77527a6b2bceebafdc0e4f49977afe2eb778",
    "src/addons/XenMake/StyleProperty/XF/Entity/Node.php": "33df5e8f877ad025115bb8fa4aea26fe35e5d2bf09e789503638f1195c5d93d8",
    "src/addons/XenMake/StyleProperty/XF/Entity/User.php": "fdf078341dbe97aeda8663980082b6ab0f260c3bef153cafcae22aef98c0ecf4",
    "src/addons/XenMake/StyleProperty/xm_logo.png": "b278b4e412f915a6617faf97159980a17f7e1bc56c661643ac3bdf72b68933b5",
    "src/addons/XenMake/StyleProperty/_data/admin_navigation.xml": "064ec797484ac00d5ee37367b50b06846d11f480d00550997712707f8fdac8c0",
    "src/addons/XenMake/StyleProperty/_data/admin_permission.xml": "ec6fb97cebf0bceb24f1ed1d5778c1db54eeb7535fbb3e31d824840e7aa9ff87",
    "src/addons/XenMake/StyleProperty/_data/advertising_positions.xml": "d2f7cbe844bb1df3cf878d22ff6306249245c8ff6b0b87b9b729744bec538261",
    "src/addons/XenMake/StyleProperty/_data/api_scopes.xml": "6793eaf758f140e8137187ba20e65f4faccf53410433ae3ad7a8b3b38cb6b3b7",
    "src/addons/XenMake/StyleProperty/_data/bb_codes.xml": "faa4ddd5f4a365e5ac39aebdcbe2d25aedf74e7eb9ea4a812766e2fd5e13bdb1",
    "src/addons/XenMake/StyleProperty/_data/bb_code_media_sites.xml": "29762987990187b33e43cfb68c08dc917b2d3f0176613d78f8e6c453f82da3f3",
    "src/addons/XenMake/StyleProperty/_data/class_extensions.xml": "38af184028b4bee3ab3d6e13446da5a34f1601cd0940420cbb5612902608c58d",
    "src/addons/XenMake/StyleProperty/_data/code_events.xml": "8370dec3df47f91df4cf79da253446ad11b29f4ea568fe76c774e97a0379f0eb",
    "src/addons/XenMake/StyleProperty/_data/code_event_listeners.xml": "9509bbc94874734a527cb8d681bcc456d19cd8146056e14de085f0db826beccb",
    "src/addons/XenMake/StyleProperty/_data/content_type_fields.xml": "c7ad5472b28f465b7ac7617627707eba1b7a39d28089460d52e1ed292fc0b06a",
    "src/addons/XenMake/StyleProperty/_data/cron.xml": "323c4284742ef24329cd6db6f288eb9736d2353f36852e1db12591e1583aea26",
    "src/addons/XenMake/StyleProperty/_data/help_pages.xml": "a8a0c0b06cdc550438bc8a8d385af3e1e5ab3459877dfb934c1c31be59c89163",
    "src/addons/XenMake/StyleProperty/_data/member_stats.xml": "89fb2b93ff1eca7a1f6f752248edf6090dfd24037db1446fd18ff7143f08124d",
    "src/addons/XenMake/StyleProperty/_data/navigation.xml": "f75e1c03a45a360bbdfcd0567121665082315068475d5b0feb8b1acbb1688651",
    "src/addons/XenMake/StyleProperty/_data/options.xml": "994406ecbf67712b655896574faaf8dcb31f09d8b703eabbbb3632f5b0eda2c4",
    "src/addons/XenMake/StyleProperty/_data/option_groups.xml": "53b9c4fc7845f57967f8ac0156ba567a6d795886430674a875c72f3fca1e96f0",
    "src/addons/XenMake/StyleProperty/_data/permissions.xml": "7e4fc7d5826733d15ea2d8936b9bdd41afcaad810eb38e50da3c8d8eafda1550",
    "src/addons/XenMake/StyleProperty/_data/permission_interface_groups.xml": "3177224e96458b829aa7fb24866dda9e0455a4922aee3d669b53f59a1ffdf5d1",
    "src/addons/XenMake/StyleProperty/_data/phrases.xml": "20e76fc9e05e16998c53c3a4995d94b467d7331cd1d433a656c8bb0243733692",
    "src/addons/XenMake/StyleProperty/_data/routes.xml": "550fa64f9feedf137dd877b38c2684f94474619d2d83890dbb717a91b50da8f5",
    "src/addons/XenMake/StyleProperty/_data/style_properties.xml": "8b8690a8512f01f219dd2da76e3d0c5f62afc1f317b87794a7331c859c36a7a8",
    "src/addons/XenMake/StyleProperty/_data/style_property_groups.xml": "68e1879cb3846c42d978487aa8d5145ff3335fc39e58016878824d5cf3fd684c",
    "src/addons/XenMake/StyleProperty/_data/templates.xml": "e7cf3dd063532ae383571b096712c4da6909c6740e04838f0f45b4019f2d8236",
    "src/addons/XenMake/StyleProperty/_data/template_modifications.xml": "f363d4d221a6c87bcef44ba20a53a82e6239105ed4aee56ced19db422a981077",
    "src/addons/XenMake/StyleProperty/_data/widget_definitions.xml": "37e46965256430f24004c2e7f08ba08f9b0d1cbcc4d70e84b3f4e3ffb713e64b",
    "src/addons/XenMake/StyleProperty/_data/widget_positions.xml": "a29cee66134f6bc5d75ed9df1eef21096c24401915c5b5c774389c3d7bb2d5b3"
}